frame_no,rotation
30,-0.37105955687243386
40,-0.09803675653269323
50,-0.2178697225415718
60,-0.09512673346262955
70,-0.7524469916621471
80,0.3022984603634542
90,-0.11680784796633487
