frame_no,rotation
30,1.081059016953898
40,0.226431660371729
50,0.0089368103037069
60,-0.4702172755456947
70,0.9215686497841096
80,2.3774059316875737
90,-0.9966382735909046
