frame_no,translation
30,-4.526411285381271e-13
40,-5.627877968354567e-13
50,-5.15561849940268e-13
60,-5.993173162882255e-13
70,-6.362122025073238e-13
80,-5.32469429383423e-13
90,-4.593262632757653e-13
