frame_no,rotation
19209,-0.4758812427312836
19219,-0.8179423139615527
19229,-0.41713087582546693
19239,-0.6952398888601037
19249,0.23810895178224029
19259,1.8243464837855983
19269,2.3363128242950713
19279,1.8644552876636493
19289,1.0322704350777279
19299,0.49923935005876274
