frame_no,translation
19209,-2.176028266514862e-14
19219,-2.0829494402392125e-13
19229,-2.9465454768116693e-13
19239,-4.798038895866977e-13
19249,-7.520844872873661e-13
19259,-7.610471811014988e-13
19269,-6.220922831179335e-13
19279,-6.129520977196449e-13
19289,-9.216696135930701e-13
19299,-1.1371069370531914e-12
