System,Sub-System,Ring Net Relative Rotation,Ring Net Relative Translation
system1,system1_a,6.193374552341959,5.361868602322276e-13
system1,system1_b,7.169392083147791,-9.000966925988009e-12
system2,system2_a,-1.3490491486743563,-3.758315986768589e-12
system3,system3_a,-0.3142425390677245,2.8674895568860755e-12
system3,system3_b,11.44817942871857,-9.51145444025102e-12
