System,Sub-System,Ring Net Relative Rotation,Ring Net Relative Translation
system1,system1_a,2.576997281868069,5.361868602322276e-13
system1,system1_b,2.226918249733771,-9.000966925988009e-12
system2,system2_a,3.148546519964418,-3.758315986768589e-12
system3,system3_a,0.6214964101097351,2.8674895568860755e-12
system3,system3_b,-4.310164613552515,-9.51145444025102e-12
