frame_no,absolute_rotation,net_absolute_rotation
10,0.15288570551194386,0.15288570551194386
20,0.047868161611818144,0.200753867123762
30,0.14460995988026065,0.3453638270040227
40,0.14251050689433248,0.48787433389835516
50,-0.007723288123373163,0.480151045774982
60,0.01709666860394746,0.4972477143789295
70,0.03454912453271533,0.5317968389116449
80,0.06482830870710364,0.5966251476187485
90,0.07290000018928205,0.6695251478080306
100,-0.31910615108914947,0.35041899671888116
