frame_no,rotation
10,-0.8323122937893631
20,-0.6056038282679682
30,-0.39694963720275767
40,-0.4014613416688435
50,-0.3190706037083946
60,-0.8315469343404873
70,-1.1494046370928888
80,-1.0619441052370013
90,-1.0295339802591386
100,-0.19602255831723864
