frame_no,translation
10,1.0144638397477865e-12
20,1.2459707405655073e-12
30,1.545158782083303e-12
40,1.245712971106166e-12
50,7.785474441469454e-13
60,4.2362761374569656e-13
70,2.422259205445807e-13
80,-1.5344581340016918e-13
90,1.9912900847970324e-14
100,1.5788731069838302e-13
