frame_no,rotation
10,-1.1106014963548947
20,0.5201933659250785
30,1.239820373065544
40,1.1129804603927347
50,-1.1030946862441848
60,-2.639887989680078
70,-3.956306787962136
80,-2.1225412005290774
90,-2.035778028555966
100,-1.8785689845344713
