frame_no,rotation
10,0.7523551441548295
20,-1.1702619339960472
30,0.38249127398999255
40,-0.1346913169530206
50,-0.04440209245605885
60,0.38302665040273765
70,0.3304766440292139
80,-0.4266640365655219
90,0.9621621139726171
100,0.8276036196627596
