frame_no,translation
10,1.2326052296335116e-12
20,1.7701565517279014e-12
30,1.8978709708180624e-12
40,1.6689188189506606e-12
50,1.5793462695974599e-12
60,1.7892170817194182e-12
70,2.0272757091339385e-12
80,2.1400159540296585e-12
90,2.0407518933734832e-12
100,1.6820843838906016e-12
