frame_no,rotation
10,-0.9851670462059391
20,-0.45670970764310914
30,0.9594579376083571
40,2.002587207149088
50,0.8526188091510218
60,-0.347969388216371
70,-0.7974811618280946
80,-0.6169728486091564
90,0.20962343834208144
100,0.32481063742015026
