frame_no,translation
10,-1.4877194512917985e-13
20,1.853943492158126e-13
30,1.737199747115759e-13
40,1.5710032012019675e-13
50,1.929745633736712e-13
60,2.459335809298367e-13
70,1.8608125186505208e-13
80,1.7449697646994267e-13
90,4.70786601803038e-13
100,7.113738662766385e-13
