frame_no,rotation
37809,0.05056759119067926
37819,0.25021977859444045
37829,0.38001961392667605
37839,0.06461684998141239
37849,0.47169136849538384
37859,-0.20246419103758367
37869,0.4910181702536419
37879,-0.07309703138499309
37889,0.19244644962576252
37899,0.39893844891597485
