frame_no,translation
37809,-7.030381254256516e-14
37819,-2.600792536745226e-13
37829,-3.0027986766897837e-13
37839,-3.1497313970628236e-13
37849,-3.8934800782654214e-13
37859,-4.0888524497704334e-13
37869,-4.2648120975306875e-13
37879,-1.4013541384270914e-13
37889,-3.66865070302805e-13
37899,-4.84156259023941e-13
