frame_no,rotation
20,-1.0314330308973292
30,0.05299318217943594
40,0.8693658875343855
50,0.9868936662106058
60,3.8011836678806
70,0.9534176371213308
80,0.7552531891538034
90,0.781717883964959
