frame_no,rotation
20,-0.601480383264525
30,-0.09000835784969657
40,0.6608208810839247
50,0.6917787543835301
60,0.725385203916598
70,0.6882518139600526
80,-0.25890279870394806
90,0.41107313620783503
