frame_no,absolute_rotation,net_absolute_rotation
10,0.03512667972491958,0.03512667972491958
20,-0.02751780897980972,0.007608870745109856
30,0.00020953461800585492,0.007818405363115712
40,-0.020913690772756684,-0.013095285409640972
50,0.03536419131238656,0.022268905902745585
60,0.1161011888173067,0.1383700947200523
70,-0.35340146761793373,-0.21503137289788143
80,0.15924477149920943,-0.055786601398672
90,-0.17280305431266202,-0.22858965571133402
100,0.06968318124377793,-0.1589064744675561
