frame_no,rotation
40,-0.021472116940678937
50,1.4794378726937512
60,-0.6691119224779661
70,-0.8965487927259549
80,0.28787242674399494
90,0.4413189428165889
