frame_no,rotation
40,1.8249816975762068
50,3.3066302401601404
60,-0.8270222622850887
70,-4.52923020036915
80,-0.23927260238486464
90,0.1496705882350324
