frame_no,translation
40,5.324460212038489e-13
50,6.161572546635818e-13
60,3.3779018166319673e-13
70,2.27904874284634e-13
80,5.418809660667726e-13
90,6.113102590040414e-13
