frame_no,translation
10,1.8687070034730663e-12
20,1.8491173649205463e-12
30,1.8076362641007383e-12
40,1.7817774728546169e-12
50,1.834878250216054e-12
60,2.1105783664956765e-12
70,1.86073661586818e-12
80,1.6035073116263369e-12
90,1.5241325227659275e-12
100,1.3753491528787272e-12
