frame_no,rotation
35309,-0.4304110151785882
35319,-1.2467998475237436
35329,0.09505715375018191
35339,1.3331907797247682
35349,0.24686597847007025
35359,-1.4486128569961134
35369,0.8946464207041399
35379,0.44425998209092377
35389,-0.31419382919191324
35399,-1.863708100296054
