frame_no,translation
35309,-8.458658415676871e-13
35319,-7.740994333510768e-13
35329,-8.646615864357753e-13
35339,-9.78990761614456e-13
35349,-9.055356630313061e-13
35359,-8.946807590784183e-13
35369,-8.937036887102295e-13
35379,-8.046701138503147e-13
35389,-5.23429877131011e-13
35399,-3.0858630887724305e-13
