frame_no,rotation
50,0.8511758580868664
60,2.383237521115007
70,3.100265478481975
80,2.517164301265304
90,2.5963362697694166
