frame_no,rotation
50,-0.49563759543615016
60,-0.8463478913945526
70,-2.088881315227156
80,1.4677604061739642
90,-2.3470582176686206
