frame_no,translation
50,-1.5113040625168188e-12
60,-1.7300462900183865e-12
70,-1.999205532883095e-12
80,-2.1514068193231675e-12
90,-2.1194917355095527e-12
