frame_no,rotation
10,0.6467987958459234
20,0.7102667760861077
30,1.0068168939762585
40,1.7434586873251858
50,2.494196995881458
60,1.5446215300646513
70,0.044719872421206217
80,-0.9216982817172814
90,-1.0758067175415493
