frame_no,rotation
10,0.476456954238639
20,0.6006071049564088
30,0.7428154185980982
40,1.5327967589118279
50,2.523320626436197
60,1.7621645965658244
70,0.20519458861240983
80,-0.9418585795810622
90,-1.1465248459777753
100,0.16865245309442944
