frame_no,translation
10,-1.584191264764141e-13
20,-1.0656486943250326e-13
30,1.7936737236747892e-13
40,2.0119256998800533e-13
50,3.0419726807787455e-14
60,-6.182618764896167e-14
70,9.387591225828786e-14
80,1.1224513679630802e-13
90,2.3570390164443715e-13
100,2.823579375577918e-13
